{
  "version": "1.0.0",
  "description": "Encoding maps for Salary Prediction Application",
  "created_at": "2026-04-08T20:11:21.410589",
  "ordinal_maps": {
    "experience_level": {
      "EN": 0,
      "MI": 1,
      "SE": 2,
      "EX": 3
    },
    "employment_type": {
      "FT": 0,
      "PT": 1,
      "CT": 2,
      "FL": 3
    },
    "company_size": {
      "S": 0,
      "M": 1,
      "L": 2
    }
  },
  "reverse_ordinal_maps": {
    "experience_level": {
      "0": "EN",
      "1": "MI",
      "2": "SE",
      "3": "EX"
    },
    "employment_type": {
      "0": "FT",
      "1": "PT",
      "2": "CT",
      "3": "FL"
    },
    "company_size": {
      "0": "S",
      "1": "M",
      "2": "L"
    }
  },
  "job_title_freq_map": {
    "Data Engineer": 0.2769640479360852,
    "Data Scientist": 0.2237017310252996,
    "Data Analyst": 0.162982689747004,
    "Machine Learning Engineer": 0.07696404793608522,
    "Analytics Engineer": 0.027430093209054592,
    "Data Architect": 0.026897470039946737,
    "Research Scientist": 0.021837549933422105,
    "Applied Scientist": 0.01544607190412783,
    "Data Science Manager": 0.01544607190412783,
    "Research Engineer": 0.00985352862849534,
    "ML Engineer": 0.009054593874833556,
    "Data Manager": 0.007723035952063915,
    "Machine Learning Scientist": 0.006924101198402131,
    "Data Science Consultant": 0.006391478029294274,
    "Data Analytics Manager": 0.005858854860186418,
    "Computer Vision Engineer": 0.004793608521970706,
    "AI Scientist": 0.004260985352862849,
    "Business Data Analyst": 0.0039946737683089215,
    "BI Data Analyst": 0.0039946737683089215,
    "Data Specialist": 0.0037283621837549932,
    "BI Developer": 0.0034620505992010654,
    "Applied Machine Learning Scientist": 0.003195739014647137,
    "AI Developer": 0.002929427430093209,
    "Big Data Engineer": 0.002929427430093209,
    "Director of Data Science": 0.002929427430093209,
    "Machine Learning Infrastructure Engineer": 0.002929427430093209,
    "Applied Data Scientist": 0.002663115845539281,
    "Head of Data": 0.002663115845539281,
    "Data Operations Engineer": 0.002663115845539281,
    "Machine Learning Software Engineer": 0.002663115845539281,
    "ETL Developer": 0.002663115845539281,
    "Lead Data Scientist": 0.002396804260985353,
    "BI Analyst": 0.002396804260985353,
    "Head of Data Science": 0.002396804260985353,
    "Principal Data Scientist": 0.0021304926764314247,
    "Data Science Lead": 0.0021304926764314247,
    "Data Quality Analyst": 0.0018641810918774966,
    "NLP Engineer": 0.0018641810918774966,
    "Machine Learning Developer": 0.0018641810918774966,
    "Machine Learning Researcher": 0.0015978695073235686,
    "Data Infrastructure Engineer": 0.0015978695073235686,
    "Deep Learning Engineer": 0.0015978695073235686,
    "Data Analytics Engineer": 0.0015978695073235686,
    "Lead Data Engineer": 0.0015978695073235686,
    "Lead Data Analyst": 0.0013315579227696406,
    "Cloud Database Engineer": 0.0013315579227696406,
    "Product Data Analyst": 0.0013315579227696406,
    "Computer Vision Software Engineer": 0.0013315579227696406,
    "Data Science Engineer": 0.0013315579227696406,
    "Business Intelligence Engineer": 0.0010652463382157123,
    "MLOps Engineer": 0.0010652463382157123,
    "Machine Learning Research Engineer": 0.0010652463382157123,
    "3D Computer Vision Researcher": 0.0010652463382157123,
    "Data Operations Analyst": 0.0010652463382157123,
    "Financial Data Analyst": 0.001,
    "Cloud Data Engineer": 0.001,
    "Machine Learning Manager": 0.001,
    "Lead Machine Learning Engineer": 0.001,
    "Data Modeler": 0.001,
    "Data Strategist": 0.001,
    "Applied Machine Learning Engineer": 0.001,
    "ETL Engineer": 0.001,
    "Autonomous Vehicle Technician": 0.001,
    "Software Data Engineer": 0.001,
    "AI Programmer": 0.001,
    "Data Analytics Specialist": 0.001,
    "Insight Analyst": 0.001,
    "Big Data Architect": 0.001,
    "Data Analytics Lead": 0.001,
    "Data Lead": 0.001,
    "Data Analytics Consultant": 0.001,
    "Data Scientist Lead": 0.001,
    "Marketing Data Analyst": 0.001,
    "Principal Data Analyst": 0.001,
    "Principal Data Engineer": 0.001,
    "Compliance Data Analyst": 0.001,
    "Staff Data Analyst": 0.001,
    "Data DevOps Engineer": 0.001,
    "BI Data Engineer": 0.001,
    "Deep Learning Researcher": 0.001,
    "Azure Data Engineer": 0.001,
    "Marketing Data Engineer": 0.001,
    "Manager Data Management": 0.001,
    "Principal Machine Learning Engineer": 0.001,
    "Data Management Specialist": 0.001,
    "Data Science Tech Lead": 0.001,
    "Power BI Developer": 0.001,
    "Product Data Scientist": 0.001,
    "Principal Data Architect": 0.001,
    "Cloud Data Architect": 0.001,
    "Head of Machine Learning": 0.001,
    "Staff Data Scientist": 0.001,
    "Finance Data Analyst": 0.001
  },
  "numeric_features": [
    "remote_ratio",
    "work_year"
  ],
  "feature_columns": [
    "experience_level",
    "employment_type",
    "job_title",
    "company_size",
    "remote_ratio",
    "work_year"
  ]
}