{
  "model_version": "v1",
  "model_type": "DecisionTreeRegressor",
  "training_date": "2026-04-08T20:11:21.412684",
  "hyperparameters": {
    "max_depth": 10,
    "min_samples_split": 10,
    "min_samples_leaf": 5,
    "random_state": 42,
    "criterion": "squared_error",
    "splitter": "best"
  },
  "metrics": {
    "mae": 42233.98097415807,
    "mse": 3046145358.9880285,
    "rmse": 55191.89577273124,
    "r2": 0.22839221793376074,
    "mape": 53.26563561751448,
    "within_10k_percent": 17.44340878828229,
    "within_20k_percent": 31.29161118508655,
    "within_50k_percent": 67.50998668442078
  },
  "feature_columns": [
    "experience_level",
    "employment_type",
    "job_title",
    "company_size",
    "remote_ratio",
    "work_year"
  ],
  "target_column": "salary_in_usd"
}